"Id";"Designator";"Package";"Quantity";"Designation";"Supplier and ref";
1;"3V3,GND,CRESET_B,CS,SCK,MISO,MISO";"pads-1x1";7;"PAD";;;
2;"R2,R3";"R_0402_NoSilk";2;"25 ohm, 1/16w, 0402";;;
3;"C10,C11,C9,C8,C7";"C_0201_NoSilk";5;"100nF, 10v, X5R, 20%, 0201";;;
4;"R1";"R_0402_NoSilk";1;"1.5k, 1/16w, 0402";;;
5;"P3";"USB-PCB";1;"USB-PCB";;;
6;"U1";"iCE40UP5K-UWG30";1;"Lattice iCE40UP5K-UWG30";;;
7;"U6";"Thin-DFN4";1;"MIC5504-3.3YMT";;;
8;"C6,C3,C5,C2,C4,C1";"C_0201_NoSilk";6;"1uF, 10v, X5R, 20%, 0201";;;
9;"U5";"Thin-DFN4";1;"MIC5504-2.5YMT";;;
10;"U3";"DSC6001HI2A";1;"Microchip DSC6001HI2A-048.0000T";;;
11;"U4";"Thin-DFN4";1;"MIC5504-1.2YMT";;;
12;"D1";"UHD1110-FKA";1;"Cree UHD1110-FKA";;;
13;"U2";"AT25SF161-UUD-T";1;"Adesto AT25SF161";;;
14;"R5";"R_0402_NoSilk";1;"10k, 1/16w, 0402";;;
